state,vehicle_category,vehicle_type,year,month,sales,source,period
Maharashtra,2-Wheeler,Battery Electric,2023,1,35420,Kaggle reference sample,2023-01-01
Delhi,3-Wheeler,Battery Electric,2023,2,12850,Kaggle reference sample,2023-02-01
Karnataka,4-Wheeler,Plug-in Hybrid,2023,3,6420,Kaggle reference sample,2023-03-01
Tamil Nadu,Bus,Battery Electric,2023,4,310,Kaggle reference sample,2023-04-01
Uttar Pradesh,3-Wheeler,Battery Electric,2023,5,7660,Kaggle reference sample,2023-05-01
Gujarat,2-Wheeler,Battery Electric,2023,6,7660,Kaggle reference sample,2023-06-01
Rajasthan,Goods Vehicle,Battery Electric,2023,7,2420,Kaggle reference sample,2023-07-01
West Bengal,2-Wheeler,Unknown,2023,8,8900,Kaggle reference sample,2023-08-01
Kerala,4-Wheeler,Battery Electric,2023,9,3700,Kaggle reference sample,2023-09-01
